{"r2": 0.5596907842494536, "mae": 33.17286513157895, "feature_importance": {"_type": "image-file", "path": "media/images/feature_importance_0_728fad55.png", "sha256": "728fad55e8339e694e054a4587ce23956ecad76a55a3bf4bb327c23da04d0a45", "size": 33298, "format": "png", "width": 1000, "height": 1000}, "_runtime": 63, "_timestamp": 1629463499, "_step": 0}