{"r2": 0.32246088684605867, "mae": 42.30520065789474, "feature_importance": {"_type": "image-file", "path": "media/images/feature_importance_0_5b955e89.png", "sha256": "5b955e896e7edd338261bd06e2da283a85c7289c4acf78c65cdba578faa11ea9", "size": 33887, "format": "png", "width": 1000, "height": 1000}, "_runtime": 21, "_timestamp": 1629464027, "_step": 0}