{"r2": 0.44752578751040883, "mae": 37.535281250000004, "feature_importance": {"_type": "image-file", "path": "media/images/feature_importance_0_cab8b454.png", "sha256": "cab8b45468d48ca39406508b9c0f62be7bcda58501f40001ad753ccbd022d946", "size": 33343, "format": "png", "width": 1000, "height": 1000}, "_runtime": 15, "_timestamp": 1629463519, "_step": 0}