{"r2": 0.5541790357772942, "mae": 33.26802796052631, "feature_importance": {"_type": "image-file", "path": "media/images/feature_importance_0_b9e059dd.png", "sha256": "b9e059ddd5d1398b594dd0d6bead609f05a399bc30f7bb499f83a6aecaae5eaa", "size": 33306, "format": "png", "width": 1000, "height": 1000}, "_runtime": 68, "_timestamp": 1629463717, "_step": 0}