{"r2": 0.5043727837725891, "mae": 35.06553453947369, "feature_importance": {"_type": "image-file", "path": "media/images/feature_importance_0_280a55db.png", "sha256": "280a55dbebd2b2756f26b930410d916004c07c4294f0b15cbc47578c27263503", "size": 33873, "format": "png", "width": 1000, "height": 1000}, "_runtime": 25, "_timestamp": 1629463770, "_step": 0}