{"r2": 0.4085421825864888, "mae": 38.97346217105263, "feature_importance": {"_type": "image-file", "path": "media/images/feature_importance_0_78620bda.png", "sha256": "78620bdaf739d7da399aed0a189d9f08ab3db95c24b88956412b58f08bc5f408", "size": 33354, "format": "png", "width": 1000, "height": 1000}, "_runtime": 17, "_timestamp": 1629463740, "_step": 0}