{"r2": 0.5065482217496781, "mae": 35.039738486842104, "feature_importance": {"_type": "image-file", "path": "media/images/feature_importance_0_77f47856.png", "sha256": "77f47856c268329b296d59b4ace8f9c173df6024fb53aed01aabe1199c460958", "size": 33345, "format": "png", "width": 1000, "height": 1000}, "_runtime": 19, "_timestamp": 1629463334, "_step": 0}