{"r2": 0.5563972513157811, "mae": 33.09172532894737, "feature_importance": {"_type": "image-file", "path": "media/images/feature_importance_0_381ff7e5.png", "sha256": "381ff7e5e9f0f3d31b4d69c85c0ff2841fb8400aeabbb03829ff4c33e74f3f57", "size": 33858, "format": "png", "width": 1000, "height": 1000}, "_runtime": 49, "_timestamp": 1629463824, "_step": 0}