{"r2": 0.5547952992267535, "mae": 33.12865789473684, "feature_importance": {"_type": "image-file", "path": "media/images/feature_importance_0_1206c1d9.png", "sha256": "1206c1d9b5b442c4a72c185292f01abe70137604a5b3deebe63c3eed805f873d", "size": 33857, "format": "png", "width": 1000, "height": 1000}, "_runtime": 38, "_timestamp": 1629463587, "_step": 0}