{"r2": 0.5603328370668457, "mae": 33.064509868421055, "feature_importance": {"_type": "image-file", "path": "media/images/feature_importance_0_855a45db.png", "sha256": "855a45dbf10ee794f4c71f69e950687016f743c3cd21f64b3fac4e4d20d1b465", "size": 33303, "format": "png", "width": 1000, "height": 1000}, "_runtime": 49, "_timestamp": 1629463430, "_step": 0}