{"r2": 0.558762446113769, "mae": 33.023942434210525, "feature_importance": {"_type": "image-file", "path": "media/images/feature_importance_0_cb95939e.png", "sha256": "cb95939eb64db50bdc6c0b9694dbbdb9f47458a03b563ffae7f92ad04227db49", "size": 33842, "format": "png", "width": 1000, "height": 1000}, "_runtime": 69, "_timestamp": 1629463899, "_step": 0}